"Theme 2 - 5 : Number of persons by religion, 2006";;;;;
"Religion";"Catholic";"Other stated religion";"No religion";"Not stated";"Total"
"Geographic Area";;;;;
"Dublin City and Suburbs  ";830208;97134;72342;24952;1024636
"Dublin City 02  ";404403;42857;43177;15774;506211
"Dublin City 02/001";1369;43;17;11;1440
"Dublin City 02/002";998;17;10;10;1035
"Dublin City 02/003";948;16;14;19;997
"Dublin City 02/004";766;18;28;9;821
"Dublin City 02/005";747;24;17;16;804
"Dublin City 02/006";934;35;26;14;1009
"Dublin City 02/007";891;20;46;56;1013
"Dublin City 02/008";1006;16;28;17;1067
"Dublin City 02/009";1057;22;26;10;1115
"Dublin City 02/010";900;39;36;5;980
"Dublin City 02/011";828;18;37;12;895
"Dublin City 02/012";846;44;44;8;942
"Dublin City 02/013";874;16;39;1;930
"Dublin City 02/014";928;36;45;6;1015
"Dublin City 02/015";1055;43;38;5;1141
"Dublin City 02/016";841;36;28;33;938
"Dublin City 02/017";1231;13;21;22;1287
"Dublin City 02/018";900;26;8;69;1003
"Dublin City 02/019";902;50;34;31;1017
"Dublin City 02/020";592;62;65;20;739
"Dublin City 02/021";1091;60;48;37;1236
"Dublin City 02/022";1194;28;23;22;1267
"Dublin City 02/023";1107;21;12;22;1162
"Dublin City 02/024";977;91;41;108;1217
"Dublin City 02/025";283;11;4;5;303
"Dublin City 02/026";745;60;45;36;886
"Dublin City 02/027";786;35;31;8;860
"Dublin City 02/028";799;33;59;27;918
"Dublin City 02/029";812;35;56;8;911
"Dublin City 02/030";877;45;57;15;994
"Dublin City 02/031";761;20;30;4;815
"Dublin City 02/032";866;13;31;71;981
"Dublin City 02/033";1001;13;25;7;1046
"Dublin City 02/034";1019;40;56;8;1123
"Dublin City 02/035";826;23;33;7;889
"Dublin City 02/036";857;39;41;12;949
"Dublin City 02/037";1109;67;41;22;1239
"Dublin City 02/038";861;18;22;3;904
"Dublin City 02/039";1073;21;12;6;1112
"Dublin City 02/040";941;14;15;16;986
"Dublin City 02/041";861;33;21;15;930
"Dublin City 02/042";1083;47;32;2;1164
"Dublin City 02/043";947;34;22;19;1022
"Dublin City 02/044";859;32;31;6;928
"Dublin City 02/045";719;28;14;24;785
"Dublin City 02/046";882;22;20;17;941
"Dublin City 02/047";811;30;35;8;884
"Dublin City 02/048";886;28;15;13;942
"Dublin City 02/049";901;22;19;15;957
"Dublin City 02/050";1126;48;58;32;1264
"Dublin City 02/051";1229;33;7;12;1281
"Dublin City 02/052";1555;107;55;41;1758
"Dublin City 02/053";1455;79;25;44;1603
"Dublin City 02/054";905;27;9;5;946
"Dublin City 02/055";787;28;14;4;833
"Dublin City 02/056";859;29;14;6;908
"Dublin City 02/057";832;50;46;60;988
"Dublin City 02/058";795;14;20;14;843
"Dublin City 02/059";879;47;30;9;965
"Dublin City 02/060";896;50;51;6;1003
"Dublin City 02/061";740;38;58;9;845
"Dublin City 02/062";788;33;45;3;869
"Dublin City 02/063";1021;118;92;24;1255
"Dublin City 02/064";801;46;46;31;924
"Dublin City 02/065";807;55;54;7;923
"Dublin City 02/066";499;36;43;19;597
"Dublin City 02/067";706;32;64;23;825
"Dublin City 02/068";547;65;55;13;680
"Dublin City 02/069";320;17;40;9;386
"Dublin City 02/070";770;19;20;6;815
"Dublin City 02/071";438;24;34;6;502
"Dublin City 02/072";825;36;21;12;894
"Dublin City 02/073";909;19;31;11;970
"Dublin City 02/074";899;26;15;36;976
"Dublin City 02/075";522;80;104;8;714
"Dublin City 02/076";508;66;100;6;680
"Dublin City 02/077";701;65;85;6;857
"Dublin City 02/078";627;27;59;7;720
"Dublin City 02/079";808;32;65;13;918
"Dublin City 02/080";491;50;66;20;627
"Dublin City 02/081";894;45;64;8;1011
"Dublin City 02/082";826;38;41;16;921
"Dublin City 02/083";794;55;23;15;887
"Dublin City 02/084";880;39;20;26;965
"Dublin City 02/085";847;30;47;16;940
"Dublin City 02/086";732;41;33;3;809
"Dublin City 02/087";951;51;43;12;1057
"Dublin City 02/088";626;35;65;8;734
"Dublin City 02/089";676;20;21;9;726
"Dublin City 02/090";674;37;57;9;777
"Dublin City 02/091";794;37;44;18;893
"Dublin City 02/092";796;52;32;8;888
"Dublin City 02/093";903;91;92;17;1103
"Dublin City 02/094";773;52;93;2;920
"Dublin City 02/095";980;46;44;13;1083
"Dublin City 02/096";806;23;22;8;859
"Dublin City 02/097";615;23;46;5;689
"Dublin City 02/098";643;7;27;3;680
"Dublin City 02/099";950;44;42;11;1047
"Dublin City 02/100";845;51;46;35;977
"Dublin City 02/101";840;32;50;14;936
"Dublin City 02/102";857;23;26;9;915
"Dublin City 02/103";774;31;38;8;851
"Dublin City 02/104";893;31;50;4;978
"Dublin City 02/105";813;59;48;7;927
"Dublin City 02/106";829;38;31;2;900
"Dublin City 02/107";688;54;58;16;816
"Dublin City 02/108, 02/560";1509;116;101;29;1755
"Dublin City 02/109";685;26;61;13;785
"Dublin City 02/110";727;31;47;10;815
"Dublin City 02/111";506;54;84;3;647
"Dublin City 02/112";636;44;107;12;799
"Dublin City 02/113";392;76;70;25;563
"Dublin City 02/114";353;35;85;6;479
"Dublin City 02/115";445;63;64;12;584
"Dublin City 02/116";518;48;54;11;631
"Dublin City 02/117";400;58;64;5;527
"Dublin City 02/118";509;51;47;8;615
"Dublin City 02/119";574;37;63;9;683
"Dublin City 02/120";654;29;70;11;764
"Dublin City 02/121";568;55;71;10;704
"Dublin City 02/122";783;56;43;3;885
"Dublin City 02/123";774;78;39;4;895
"Dublin City 02/124";685;71;41;10;807
"Dublin City 02/125";614;92;55;4;765
"Dublin City 02/126";1184;278;260;16;1738
"Dublin City 02/127";804;110;75;23;1012
"Dublin City 02/128";376;80;93;2;551
"Dublin City 02/129";562;95;122;2;781
"Dublin City 02/130";405;78;77;16;576
"Dublin City 02/131";336;91;85;17;529
"Dublin City 02/132";328;65;83;17;493
"Dublin City 02/133";466;69;84;16;635
"Dublin City 02/134";435;71;54;7;567
"Dublin City 02/135";320;70;76;7;473
"Dublin City 02/136";266;51;80;12;409
"Dublin City 02/137";323;49;81;9;462
"Dublin City 02/138";336;38;54;11;439
"Dublin City 02/139";373;81;131;5;590
"Dublin City 02/140";258;64;79;7;408
"Dublin City 02/141";361;98;77;5;541
"Dublin City 02/142";713;42;41;7;803
"Dublin City 02/143";711;99;88;16;914
"Dublin City 02/144";532;81;53;10;676
"Dublin City 02/145";916;152;63;186;1317
"Dublin City 02/146";568;89;76;8;741
"Dublin City 02/147";562;96;76;7;741
"Dublin City 02/148";415;51;64;3;533
"Dublin City 02/149";458;88;73;19;638
"Dublin City 02/150";646;116;248;11;1021
"Dublin City 02/151";427;97;85;42;651
"Dublin City 02/152";295;67;81;4;447
"Dublin City 02/153";204;53;40;7;304
"Dublin City 02/154";430;40;59;6;535
"Dublin City 02/155";605;118;54;18;795
"Dublin City 02/156";494;46;66;14;620
"Dublin City 02/157";516;64;59;12;651
"Dublin City 02/158";492;66;69;11;638
"Dublin City 02/159";622;60;68;43;793
"Dublin City 02/160";622;81;70;7;780
"Dublin City 02/161";442;71;72;0;585
"Dublin City 02/162";392;54;58;17;521
"Dublin City 02/163";458;77;90;13;638
"Dublin City 02/164";296;62;45;8;411
"Dublin City 02/165";221;89;63;41;414
"Dublin City 02/166";399;52;80;16;547
"Dublin City 02/167";394;71;100;1;566
"Dublin City 02/168";347;62;103;4;516
"Dublin City 02/169";411;90;99;28;628
"Dublin City 02/170";374;77;95;23;569
"Dublin City 02/171";393;78;93;14;578
"Dublin City 02/172";338;57;107;13;515
"Dublin City 02/173";337;41;101;2;481
"Dublin City 02/174";450;62;76;7;595
"Dublin City 02/175";307;44;40;3;394
"Dublin City 02/176";282;69;64;8;423
"Dublin City 02/177";333;58;74;2;467
"Dublin City 02/178";409;117;76;11;613
"Dublin City 02/179";564;101;80;4;749
"Dublin City 02/180";557;114;76;7;754
"Dublin City 02/181";563;90;45;12;710
"Dublin City 02/182";428;113;82;15;638
"Dublin City 02/183";280;78;79;11;448
"Dublin City 02/184";172;64;74;8;318
"Dublin City 02/185";358;54;81;26;519
"Dublin City 02/186";390;76;85;8;559
"Dublin City 02/187";432;66;74;25;597
"Dublin City 02/188";256;53;48;25;382
"Dublin City 02/189";325;66;44;11;446
"Dublin City 02/190";459;91;143;14;707
"Dublin City 02/191";381;80;66;13;540
"Dublin City 02/192";430;48;76;7;561
"Dublin City 02/193";304;93;85;15;497
"Dublin City 02/194";398;73;79;44;594
"Dublin City 02/195";372;82;129;23;606
"Dublin City 02/196";241;85;94;9;429
"Dublin City 02/197";377;93;105;13;588
"Dublin City 02/198";613;69;72;8;762
"Dublin City 02/199";369;161;136;46;712
"Dublin City 02/200";388;156;127;17;688
"Dublin City 02/201";340;86;94;33;553
"Dublin City 02/202";375;68;75;9;527
"Dublin City 02/203";490;60;76;9;635
"Dublin City 02/204";396;64;94;9;563
"Dublin City 02/205";369;87;100;12;568
"Dublin City 02/206";481;97;83;18;679
"Dublin City 02/207";505;83;100;93;781
"Dublin City 02/208";785;40;48;6;879
"Dublin City 02/209";602;67;74;11;754
"Dublin City 02/210";770;72;88;8;938
"Dublin City 02/211";736;56;53;16;861
"Dublin City 02/212";824;28;42;3;897
"Dublin City 02/213";646;29;6;4;685
"Dublin City 02/214";320;85;80;7;492
"Dublin City 02/215";621;60;67;9;757
"Dublin City 02/216";402;124;85;15;626
"Dublin City 02/217";463;41;106;15;625
"Dublin City 02/218";1092;68;178;42;1380
"Dublin City 02/219";693;138;138;21;990
"Dublin City 02/220";562;188;82;50;882
"Dublin City 02/221";222;72;63;16;373
"Dublin City 02/222";625;52;32;42;751
"Dublin City 02/223";497;42;54;29;622
"Dublin City 02/224";395;78;84;13;570
"Dublin City 02/225";476;146;182;66;870
"Dublin City 02/226";766;40;13;2;821
"Dublin City 02/227";465;54;53;31;603
"Dublin City 02/228";607;30;31;8;676
"Dublin City 02/229";525;50;57;28;660
"Dublin City 02/231";479;53;67;10;609
"Dublin City 02/232";488;95;76;157;816
"Dublin City 02/233";424;52;60;8;544
"Dublin City 02/234";339;156;117;22;634
"Dublin City 02/235";267;142;126;19;554
"Dublin City 02/236";391;149;83;30;653
"Dublin City 02/237";272;118;136;10;536
"Dublin City 02/238";307;116;133;30;586
"Dublin City 02/239";644;186;150;17;997
"Dublin City 02/240";483;212;163;24;882
"Dublin City 02/241";579;58;109;10;756
"Dublin City 02/242";380;53;95;9;537
"Dublin City 02/243";474;45;63;6;588
"Dublin City 02/244";335;81;98;13;527
"Dublin City 02/245";602;113;106;7;828
"Dublin City 02/246";440;24;37;15;516
"Dublin City 02/247";248;47;89;22;406
"Dublin City 02/248";421;133;180;32;766
"Dublin City 02/249";252;145;106;33;536
"Dublin City 02/250";265;118;117;7;507
"Dublin City 02/251";317;68;84;55;524
"Dublin City 02/252";463;92;88;14;657
"Dublin City 02/253";506;33;28;15;582
"Dublin City 02/254";325;4;19;0;348
"Dublin City 02/255";672;86;94;9;861
"Dublin City 02/256";551;197;94;32;874
"Dublin City 02/257";802;16;7;13;838
"Dublin City 02/258";435;186;107;19;747
"Dublin City 02/259";385;39;13;2;439
"Dublin City 02/260";366;46;72;21;505
"Dublin City 02/261";436;135;101;42;714
"Dublin City 02/262";620;172;97;13;902
"Dublin City 02/263";610;89;90;64;853
"Dublin City 02/264";509;88;76;10;683
"Dublin City 02/265";518;91;58;9;676
"Dublin City 02/266";477;52;45;13;587
"Dublin City 02/267";517;83;77;4;681
"Dublin City 02/268";1074;18;20;28;1140
"Dublin City 02/269";719;29;51;10;809
"Dublin City 02/270";642;31;53;18;744
"Dublin City 02/271";657;96;87;36;876
"Dublin City 02/272";571;75;77;11;734
"Dublin City 02/273";652;56;58;12;778
"Dublin City 02/274";574;53;76;21;724
"Dublin City 02/275";486;150;100;92;828
"Dublin City 02/276";239;31;69;2;341
"Dublin City 02/277";214;69;69;19;371
"Dublin City 02/278";343;121;122;171;757
"Dublin City 02/279";382;71;73;15;541
"Dublin City 02/280";284;70;66;21;441
"Dublin City 02/281";467;172;106;261;1006
"Dublin City 02/282";204;49;53;16;322
"Dublin City 02/283";259;96;142;11;508
"Dublin City 02/284";544;51;88;96;779
"Dublin City 02/285";360;74;85;7;526
"Dublin City 02/286, 02/611";1295;234;244;70;1843
"Dublin City 02/287";358;64;99;8;529
"Dublin City 02/288";442;31;65;14;552
"Dublin City 02/289";779;47;41;9;876
"Dublin City 02/290";550;72;108;30;760
"Dublin City 02/291";274;114;167;20;575
"Dublin City 02/292";436;96;73;169;774
"Dublin City 02/293";451;12;9;13;485
"Dublin City 02/294";515;201;189;230;1135
"Dublin City 02/295";643;85;101;15;844
"Dublin City 02/296";181;65;72;3;321
"Dublin City 02/297";431;245;113;118;907
"Dublin City 02/298";573;107;81;46;807
"Dublin City 02/299";366;81;117;11;575
"Dublin City 02/300";217;191;85;13;506
"Dublin City 02/301";361;214;172;53;800
"Dublin City 02/302";476;48;45;30;599
"Dublin City 02/303";278;191;119;205;793
"Dublin City 02/304";783;79;82;26;970
"Dublin City 02/305";474;33;81;4;592
"Dublin City 02/306";702;27;41;0;770
"Dublin City 02/307";466;148;157;26;797
"Dublin City 02/308";680;30;75;16;801
"Dublin City 02/309";609;20;34;21;684
"Dublin City 02/310";331;74;66;37;508
"Dublin City 02/311";315;71;87;17;490
"Dublin City 02/312";429;84;56;1;570
"Dublin City 02/313";561;58;133;28;780
"Dublin City 02/314";948;19;19;4;990
"Dublin City 02/315";477;117;115;61;770
"Dublin City 02/316";548;47;38;26;659
"Dublin City 02/317";383;34;84;13;514
"Dublin City 02/318";402;54;91;39;586
"Dublin City 02/319";438;55;91;6;590
"Dublin City 02/320";382;48;101;9;540
"Dublin City 02/321";439;71;85;6;601
"Dublin City 02/322";418;54;87;25;584
"Dublin City 02/323";487;208;190;21;906
"Dublin City 02/324";342;109;110;12;573
"Dublin City 02/325";268;105;94;68;535
"Dublin City 02/326";514;22;33;48;617
"Dublin City 02/327";378;154;117;55;704
"Dublin City 02/328";416;152;109;31;708
"Dublin City 02/329";289;17;18;10;334
"Dublin City 02/330";468;111;163;132;874
"Dublin City 02/331";492;90;121;62;765
"Dublin City 02/332";315;61;96;45;517
"Dublin City 02/333";407;87;67;62;623
"Dublin City 02/334";546;99;79;45;769
"Dublin City 02/335";528;80;105;20;733
"Dublin City 02/336";437;76;84;62;659
"Dublin City 02/337";520;66;113;26;725
"Dublin City 02/338";376;88;70;59;593
"Dublin City 02/339";631;46;74;2;753
"Dublin City 02/340";875;62;75;17;1029
"Dublin City 02/341";795;49;84;16;944
"Dublin City 02/342";865;7;27;2;901
"Dublin City 02/343";736;18;20;34;808
"Dublin City 02/344";865;27;23;20;935
"Dublin City 02/345";839;30;56;26;951
"Dublin City 02/346";721;19;60;10;810
"Dublin City 02/347";757;39;79;29;904
"Dublin City 02/348";786;25;61;5;877
"Dublin City 02/349";750;31;46;14;841
"Dublin City 02/350";831;43;28;2;904
"Dublin City 02/351";653;32;45;23;753
"Dublin City 02/352";681;27;78;34;820
"Dublin City 02/353";667;26;39;5;737
"Dublin City 02/354";848;47;73;12;980
"Dublin City 02/355";1096;59;42;23;1220
"Dublin City 02/356";996;70;59;13;1138
"Dublin City 02/357";1172;46;52;12;1282
"Dublin City 02/358";797;17;24;5;843
"Dublin City 02/359";931;42;46;7;1026
"Dublin City 02/360";852;39;45;2;938
"Dublin City 02/361";614;63;93;13;783
"Dublin City 02/362";522;44;53;1;620
"Dublin City 02/363";735;54;72;16;877
"Dublin City 02/364";701;43;61;9;814
"Dublin City 02/365";705;52;65;16;838
"Dublin City 02/366";756;61;77;41;935
"Dublin City 02/367";657;22;56;1;736
"Dublin City 02/368";471;65;66;8;610
"Dublin City 02/369";702;84;113;28;927
"Dublin City 02/370";749;34;75;29;887
"Dublin City 02/371";687;31;64;8;790
"Dublin City 02/372";632;34;114;12;792
"Dublin City 02/373";501;59;76;41;677
"Dublin City 02/374";469;64;79;17;629
"Dublin City 02/375";923;112;111;481;1627
"Dublin City 02/376";890;134;370;53;1447
"Dublin City 02/377";628;428;280;130;1466
"Dublin City 02/378";316;158;150;21;645
"Dublin City 02/379";223;156;116;51;546
"Dublin City 02/380";277;180;174;39;670
"Dublin City 02/381";264;217;150;95;726
"Dublin City 02/382";581;66;25;50;722
"Dublin City 02/383, 02/620";743;273;328;112;1456
"Dublin City 02/384";277;244;182;49;752
"Dublin City 02/385";455;175;201;83;914
"Dublin City 02/386";397;92;81;38;608
"Dublin City 02/387";287;75;95;75;532
"Dublin City 02/388";405;59;44;61;569
"Dublin City 02/389";381;55;93;58;587
"Dublin City 02/390";648;95;54;104;901
"Dublin City 02/391";687;191;170;113;1161
"Dublin City 02/392";355;46;53;4;458
"Dublin City 02/393";692;125;95;15;927
"Dublin City 02/394";535;94;112;28;769
"Dublin City 02/395";674;148;150;89;1061
"Dublin City 02/396";937;30;34;11;1012
"Dublin City 02/397";507;62;80;22;671
"Dublin City 02/398";623;23;27;25;698
"Dublin City 02/399";542;69;147;42;800
"Dublin City 02/400";717;79;85;30;911
"Dublin City 02/401";505;36;42;23;606
"Dublin City 02/402";619;17;49;14;699
"Dublin City 02/403";776;85;62;6;929
"Dublin City 02/404";720;40;46;27;833
"Dublin City 02/405";648;37;44;11;740
"Dublin City 02/406";785;21;56;5;867
"Dublin City 02/407";1092;83;120;93;1388
"Dublin City 02/408";960;91;140;29;1220
"Dublin City 02/409";794;52;46;5;897
"Dublin City 02/410";843;49;49;18;959
"Dublin City 02/411";1150;112;141;16;1419
"Dublin City 02/412";748;28;50;19;845
"Dublin City 02/413";674;36;21;18;749
"Dublin City 02/414";747;25;42;28;842
"Dublin City 02/415";1127;52;31;7;1217
"Dublin City 02/416";799;38;18;17;872
"Dublin City 02/417";1063;99;49;18;1229
"Dublin City 02/418";914;22;21;55;1012
"Dublin City 02/419";916;70;73;28;1087
"Dublin City 02/420";815;35;38;10;898
"Dublin City 02/421";773;30;27;25;855
"Dublin City 02/422";819;55;60;24;958
"Dublin City 02/423";914;40;32;12;998
"Dublin City 02/424";824;51;31;25;931
"Dublin City 02/425";917;45;26;30;1018
"Dublin City 02/426";860;32;11;18;921
"Dublin City 02/427";1138;29;28;44;1239
"Dublin City 02/428";973;23;12;18;1026
"Dublin City 02/429";935;24;17;29;1005
"Dublin City 02/430";1327;37;20;25;1409
"Dublin City 02/431";1327;57;31;58;1473
"Dublin City 02/432";987;57;19;31;1094
"Dublin City 02/433";894;25;3;24;946
"Dublin City 02/434";806;25;16;11;858
"Dublin City 02/435";1087;48;47;6;1188
"Dublin City 02/436";1054;27;18;33;1132
"Dublin City 02/437";897;12;10;15;934
"Dublin City 02/438";916;21;18;9;964
"Dublin City 02/439";857;28;28;40;953
"Dublin City 02/440";853;29;10;44;936
"Dublin City 02/441";705;34;12;161;912
"Dublin City 02/442";1118;29;34;28;1209
"Dublin City 02/443";938;40;40;31;1049
"Dublin City 02/444";874;17;19;8;918
"Dublin City 02/445";745;47;47;8;847
"Dublin City 02/446";836;55;41;38;970
"Dublin City 02/447";1192;70;63;14;1339
"Dublin City 02/448";899;48;30;6;983
"Dublin City 02/449";770;23;29;20;842
"Dublin City 02/450";917;51;44;1;1013
"Dublin City 02/451";965;54;81;8;1108
"Dublin City 02/452";832;22;50;2;906
"Dublin City 02/453";1043;77;68;0;1188
"Dublin City 02/454";1086;43;49;9;1187
"Dublin City 02/455";792;43;33;8;876
"Dublin City 02/456";772;35;76;5;888
"Dublin City 02/457";790;44;44;7;885
"Dublin City 02/458";799;25;40;5;869
"Dublin City 02/459";762;44;61;9;876
"Dublin City 02/460";692;41;51;18;802
"Dublin City 02/461";552;53;45;6;656
"Dublin City 02/462";743;28;51;18;840
"Dublin City 02/463";680;63;78;3;824
"Dublin City 02/464";564;43;62;3;672
"Dublin City 02/465";494;73;109;29;705
"Dublin City 02/466";421;85;102;8;616
"Dublin City 02/467";636;36;84;10;766
"Dublin City 02/468";472;50;89;10;621
"Dublin City 02/469";589;92;109;4;794
"Dublin City 02/470";636;75;93;12;816
"Dublin City 02/471";460;101;51;5;617
"Dublin City 02/472";648;38;29;16;731
"Dublin City 02/473";683;42;69;18;812
"Dublin City 02/474";787;24;42;2;855
"Dublin City 02/475";882;64;66;13;1025
"Dublin City 02/476";667;58;60;4;789
"Dublin City 02/477";673;29;57;6;765
"Dublin City 02/478";767;63;37;0;867
"Dublin City 02/479";835;28;41;6;910
"Dublin City 02/480";850;29;26;5;910
"Dublin City 02/481";930;26;32;15;1003
"Dublin City 02/482";751;33;48;17;849
"Dublin City 02/483";842;17;19;24;902
"Dublin City 02/484";802;32;43;8;885
"Dublin City 02/485";788;38;28;9;863
"Dublin City 02/486";923;28;41;23;1015
"Dublin City 02/487";826;21;30;3;880
"Dublin City 02/488";817;39;26;15;897
"Dublin City 02/489";781;30;40;4;855
"Dublin City 02/490";828;42;39;1;910
"Dublin City 02/491";797;63;79;3;942
"Dublin City 02/492";1059;52;69;1;1181
"Dublin City 02/493";1048;89;40;30;1207
"Dublin City 02/494";1020;33;29;12;1094
"Dublin City 02/495";891;41;38;20;990
"Dublin City 02/496";979;74;32;28;1113
"Dublin City 02/497";678;77;71;16;842
"Dublin City 02/498";955;36;25;15;1031
"Dublin City 02/499";983;29;27;25;1064
"Dublin City 02/500";1030;39;46;11;1126
"Dublin City 02/501";951;41;34;22;1048
"Dublin City 02/502";1011;39;31;15;1096
"Dublin City 02/503";865;72;38;14;989
"Dublin City 02/504";1135;53;36;13;1237
"Dublin City 02/505";950;36;38;10;1034
"Dublin City 02/506";938;25;27;2;992
"Dublin City 02/507";930;37;36;7;1010
"Dublin City 02/508";991;20;43;15;1069
"Dublin City 02/509";1064;35;23;22;1144
"Dublin City 02/510";969;92;74;4;1139
"Dublin City 02/511";1135;37;38;18;1228
"Dublin City 02/512";990;58;47;14;1109
"Dublin City 02/513";861;38;41;12;952
"Dublin City 02/514";816;48;42;8;914
"Dublin City 02/515";704;44;56;9;813
"Dublin City 02/516";558;31;31;2;622
"Dublin City 02/517";700;40;45;8;793
"Dublin City 02/518";760;48;31;2;841
"Dublin City 02/519";748;34;45;6;833
"Dublin City 02/520";696;40;32;2;770
"Dublin City 02/521";691;49;67;0;807
"Dublin City 02/522";712;59;53;3;827
"Dublin City 02/523";845;51;36;8;940
"Dublin City 02/524";813;61;56;12;942
"Dublin City 02/525";669;78;83;8;838
"Dublin City 02/526";892;57;73;10;1032
"Dublin City 02/527";691;65;77;17;850
"Dublin City 02/528";988;71;37;15;1111
"Dublin City 02/529";667;64;85;18;834
"Dublin City 02/530";712;61;59;9;841
"Dublin City 02/531";635;73;70;6;784
"Dublin City 02/532";613;42;63;9;727
"Dublin City 02/533";1001;59;55;7;1122
"Dublin City 02/534";753;64;57;11;885
"Dublin City 02/535";688;106;104;11;909
"Dublin City 02/536";597;31;52;17;697
"Dublin City 02/537";593;62;41;24;720
"Dublin City 02/538";676;66;76;18;836
"Dublin City 02/539";427;29;53;19;528
"Dublin City 02/540";818;55;13;41;927
"Dublin City 02/541";723;25;24;108;880
"Dublin City 02/542";448;199;157;127;931
"Dublin City 02/543";453;38;83;31;605
"Dublin City 02/544";439;57;90;9;595
"Dublin City 02/545";685;77;49;31;842
"Dublin City 02/546";385;40;96;21;542
"Dublin City 02/547";380;33;41;21;475
"Dublin City 02/548";512;39;85;23;659
"Dublin City 02/549";339;18;8;34;399
"Dublin City 02/550";623;29;50;5;707
"Dublin City 02/551";288;118;93;33;532
"Dublin City 02/552";412;156;123;90;781
"Dublin City 02/553";298;50;76;19;443
"Dublin City 02/554";313;73;98;17;501
"Dublin City 02/555";475;60;100;12;647
"Dublin City 02/556";423;102;78;25;628
"Dublin City 02/557";807;51;57;4;919
"Dublin City 02/558";983;25;18;16;1042
"Dublin City 02/559";531;47;36;2;616
"Dublin City 02/561";433;62;109;2;606
"Dublin City 02/562";253;162;67;17;499
"Dublin City 02/563";543;181;119;31;874
"Dublin City 02/564";347;165;136;20;668
"Dublin City 02/565";548;104;104;50;806
"Dublin City 02/566";348;65;79;12;504
"Dublin City 02/567";496;197;118;20;831
"Dublin City 02/568";228;140;69;126;563
"Dublin City 02/569";455;163;190;240;1048
"Dublin City 02/570";411;87;92;8;598
"Dublin City 02/571";291;111;52;10;464
"Dublin City 02/572";906;39;20;24;989
"Dublin City 02/573";718;31;61;1;811
"Dublin City 02/574";389;186;183;19;777
"Dublin City 02/575";480;195;111;80;866
"Dublin City 02/576";332;186;212;46;776
"Dublin City 02/577";392;134;99;38;663
"Dublin City 02/578";662;44;42;5;753
"Dublin City 02/579";981;73;60;19;1133
"Dublin City 02/580";272;121;107;73;573
"Dublin City 02/581";434;315;238;21;1008
"Dublin City 02/582";347;99;114;34;594
"Dublin City 02/583";181;154;85;44;464
"Dublin City 02/584";732;125;52;38;947
"Dublin City 02/585";721;72;79;33;905
"Dublin City 02/586";519;55;81;0;655
"Dublin City 02/587";652;58;50;69;829
"Dublin City 02/588";581;61;41;2;685
"Dublin City 02/589";558;84;82;138;862
"Dublin City 02/590";323;95;75;8;501
"Dublin City 02/591, 02/230";572;255;339;140;1306
"Dublin City 02/592";920;56;59;10;1045
"Dublin City 02/593";971;49;43;11;1074
"Dublin City 02/594";459;72;63;39;633
"Dublin City 02/595";729;117;192;18;1056
"Dublin City 02/596";789;206;95;38;1128
"Dublin City 02/597";250;122;139;189;700
"Dublin City 02/598";129;55;96;22;302
"Dublin City 02/599";173;26;31;2;232
"Dublin City 02/600";1290;161;72;21;1544
"Dublin City 02/601";361;24;42;4;431
"Dublin City 02/602";576;36;44;3;659
"Dublin City 02/603";479;246;113;302;1140
"Dublin City 02/604";398;84;60;5;547
"Dublin City 02/605";320;15;5;1;341
"Dublin City 02/606";544;35;40;22;641
"Dublin City 02/607";119;26;28;3;176
"Dublin City 02/608";98;22;25;1;146
"Dublin City 02/609";356;65;75;4;500
"Dublin City 02/610";249;184;137;58;628
"Dublin City 02/612";548;42;51;9;650
"Dublin City 02/613";462;61;87;33;643
"Dublin City 02/614";335;42;14;9;400
"Dublin City 02/615";434;99;98;10;641
"Dublin City 02/616";330;32;74;6;442
"Dublin City 02/617";232;72;30;57;391
"Dublin City 02/618";347;91;66;90;594
"Dublin City 02/619";249;110;87;36;482
"Dublin City 02/621";561;66;51;16;694
"Dublin City 02/622";420;233;167;31;851
"Dublin City 02/623";448;27;23;51;549
"Dublin City 02/624";536;66;49;15;666
"Dublin City 02/625";452;81;51;48;632
"Dublin City 02/626";516;63;40;40;659
"Dublin City 02/627";941;107;43;169;1260
"Dublin City 02/628";986;51;34;15;1086
"Dublin City 02/629";673;65;64;31;833
"Dublin City 02/630";720;61;36;11;828
"Dublin City 02/631";406;242;197;23;868
"Dublin City 02/632";710;28;37;3;778
"Dublin City 02/633";300;71;49;12;432
"Dublin City 02/634";408;97;83;16;604
"Dublin City 02/635";410;122;99;13;644
"South Dublin 03 ";190678;19228;9546;4260;223712
"South Dublin 03/001";730;120;87;7;944
"South Dublin 03/002";789;120;71;9;989
"South Dublin 03/003";577;78;63;12;730
"South Dublin 03/004";809;119;34;6;968
"South Dublin 03/005";783;73;46;3;905
"South Dublin 03/006";873;78;60;11;1022
"South Dublin 03/007";808;75;49;6;938
"South Dublin 03/008";723;65;32;2;822
"South Dublin 03/009";624;64;31;15;734
"South Dublin 03/010";860;66;33;6;965
"South Dublin 03/011";1010;47;58;11;1126
"South Dublin 03/012";859;103;52;15;1029
"South Dublin 03/013";700;88;45;7;840
"South Dublin 03/014";862;59;47;16;984
"South Dublin 03/015";635;107;75;11;828
"South Dublin 03/016";920;139;87;6;1152
"South Dublin 03/017";821;56;79;4;960
"South Dublin 03/018";884;92;44;7;1027
"South Dublin 03/019";730;116;96;6;948
"South Dublin 03/020";928;100;57;4;1089
"South Dublin 03/021";988;59;50;11;1108
"South Dublin 03/022";840;47;40;2;929
"South Dublin 03/023";969;53;47;11;1080
"South Dublin 03/024";1021;46;54;5;1126
"South Dublin 03/025";1133;37;26;6;1202
"South Dublin 03/026";1024;33;44;5;1106
"South Dublin 03/027";811;52;49;12;924
"South Dublin 03/028";708;37;34;1;780
"South Dublin 03/029";851;66;25;4;946
"South Dublin 03/030";602;59;60;17;738
"South Dublin 03/031";911;42;37;2;992
"South Dublin 03/032";836;66;49;5;956
"South Dublin 03/033";848;29;55;6;938
"South Dublin 03/034";629;53;45;13;740
"South Dublin 03/035";825;32;38;14;909
"South Dublin 03/036";773;42;27;7;849
"South Dublin 03/037";803;26;17;6;852
"South Dublin 03/038";815;14;21;6;856
"South Dublin 03/039";850;31;26;10;917
"South Dublin 03/040";953;20;27;8;1008
"South Dublin 03/041";716;24;29;4;773
"South Dublin 03/042";870;39;45;6;960
"South Dublin 03/043";977;35;70;10;1092
"South Dublin 03/044";911;34;39;9;993
"South Dublin 03/045";980;80;49;12;1121
"South Dublin 03/046";1034;74;62;9;1179
"South Dublin 03/047";1049;42;37;11;1139
"South Dublin 03/048";946;54;47;3;1050
"South Dublin 03/049";855;63;48;31;997
"South Dublin 03/051, 03/050";1837;144;68;49;2098
"South Dublin 03/052";1101;28;32;18;1179
"South Dublin 03/053";1012;20;25;9;1066
"South Dublin 03/054";914;50;63;8;1035
"South Dublin 03/055";1027;20;28;9;1084
"South Dublin 03/056";967;41;23;6;1037
"South Dublin 03/057";1062;36;33;28;1159
"South Dublin 03/058";1120;28;27;13;1188
"South Dublin 03/059";899;46;35;16;996
"South Dublin 03/060";1115;56;44;28;1243
"South Dublin 03/061";959;44;41;11;1055
"South Dublin 03/062";948;165;46;82;1241
"South Dublin 03/063";874;66;40;23;1003
"South Dublin 03/064";873;155;46;20;1094
"South Dublin 03/065";862;105;41;16;1024
"South Dublin 03/066";932;108;18;54;1112
"South Dublin 03/067";984;103;38;34;1159
"South Dublin 03/068";1304;62;26;100;1492
"South Dublin 03/069";1179;41;18;36;1274
"South Dublin 03/070";1110;106;47;25;1288
"South Dublin 03/072";1215;64;38;23;1340
"South Dublin 03/074";1079;81;49;91;1300
"South Dublin 03/075";1086;177;51;41;1355
"South Dublin 03/076";1158;188;128;44;1518
"South Dublin 03/077";1161;130;59;22;1372
"South Dublin 03/078";978;110;67;19;1174
"South Dublin 03/079";825;54;35;17;931
"South Dublin 03/080";1073;136;84;28;1321
"South Dublin 03/081";380;159;37;17;593
"South Dublin 03/082";937;54;44;10;1045
"South Dublin 03/083";816;75;40;11;942
"South Dublin 03/084";1054;89;79;6;1228
"South Dublin 03/085";855;96;76;36;1063
"South Dublin 03/086";1069;119;67;81;1336
"South Dublin 03/087";930;101;48;7;1086
"South Dublin 03/088";717;84;66;30;897
"South Dublin 03/089";943;101;67;12;1123
"South Dublin 03/091";992;79;33;23;1127
"South Dublin 03/092";960;135;41;49;1185
"South Dublin 03/093";1016;121;32;16;1185
"South Dublin 03/094";1028;17;27;12;1084
"South Dublin 03/095";1025;65;47;13;1150
"South Dublin 03/096";1110;53;42;26;1231
"South Dublin 03/097";817;66;45;12;940
"South Dublin 03/099";1131;32;19;36;1218
"South Dublin 03/100";1116;77;34;21;1248
"South Dublin 03/101";1081;35;20;24;1160
"South Dublin 03/102";1054;52;19;23;1148
"South Dublin 03/103";1076;56;26;34;1192
"South Dublin 03/104";1019;36;18;4;1077
"South Dublin 03/105";929;21;13;10;973
"South Dublin 03/106";980;49;7;22;1058
"South Dublin 03/107";986;31;32;30;1079
"South Dublin 03/108";1128;46;20;158;1352
"South Dublin 03/109";1159;252;73;65;1549
"South Dublin 03/110";959;67;47;7;1080
"South Dublin 03/111";1158;36;33;50;1277
"South Dublin 03/112";1207;67;46;21;1341
"South Dublin 03/113";1032;33;38;17;1120
"South Dublin 03/114";972;58;42;10;1082
"South Dublin 03/115";940;44;36;2;1022
"South Dublin 03/116";821;16;29;9;875
"South Dublin 03/117";732;32;32;0;796
"South Dublin 03/118";1001;86;35;21;1143
"South Dublin 03/119";913;164;81;11;1169
"South Dublin 03/120";1011;111;61;33;1216
"South Dublin 03/121";886;173;58;7;1124
"South Dublin 03/122";786;299;50;53;1188
"South Dublin 03/123";858;234;53;28;1173
"South Dublin 03/124";1015;69;50;1;1135
"South Dublin 03/125";921;70;28;16;1035
"South Dublin 03/126";1092;78;35;10;1215
"South Dublin 03/127";1002;83;34;9;1128
"South Dublin 03/128";636;73;42;13;764
"South Dublin 03/129";900;127;64;27;1118
"South Dublin 03/130";794;107;56;27;984
"South Dublin 03/131";911;84;51;31;1077
"South Dublin 03/132";906;52;49;14;1021
"South Dublin 03/133";964;53;30;20;1067
"South Dublin 03/134";884;89;51;12;1036
"South Dublin 03/141";1091;163;33;38;1325
"South Dublin 03/142";658;136;26;13;833
"South Dublin 03/143";1133;191;59;8;1391
"South Dublin 03/144";936;102;37;5;1080
"South Dublin 03/145";866;47;16;27;956
"South Dublin 03/146";926;96;20;52;1094
"South Dublin 03/148";1066;26;18;24;1134
"South Dublin 03/149";947;36;21;6;1010
"South Dublin 03/150";938;27;12;64;1041
"South Dublin 03/151";972;27;21;149;1169
"South Dublin 03/152";1063;68;18;28;1177
"South Dublin 03/153";1147;69;43;27;1286
"South Dublin 03/154";1103;67;35;24;1229
"South Dublin 03/155";1003;90;37;16;1146
"South Dublin 03/156";906;60;55;4;1025
"South Dublin 03/157";869;71;42;14;996
"South Dublin 03/158";1069;72;47;12;1200
"South Dublin 03/159";1040;72;41;18;1171
"South Dublin 03/160";913;29;29;17;988
"South Dublin 03/161";939;35;36;21;1031
"South Dublin 03/162";859;35;23;13;930
"South Dublin 03/163";924;42;20;11;997
"South Dublin 03/164";1105;134;60;8;1307
"South Dublin 03/165";958;111;42;22;1133
"South Dublin 03/166";1029;121;54;11;1215
"South Dublin 03/167";1138;186;61;28;1413
"South Dublin 03/168";1029;100;75;19;1223
"South Dublin 03/169";848;156;56;7;1067
"South Dublin 03/170";1350;103;62;42;1557
"South Dublin 03/171";1282;93;55;17;1447
"South Dublin 03/173";993;75;35;15;1118
"South Dublin 03/174";819;73;60;8;960
"South Dublin 03/175";1071;74;55;5;1205
"South Dublin 03/177";966;102;89;11;1168
"South Dublin 03/179";945;57;39;12;1053
"South Dublin 03/180";1138;102;69;14;1323
"South Dublin 03/181";635;76;46;9;766
"South Dublin 03/182";1119;66;46;9;1240
"South Dublin 03/184";894;220;85;22;1221
"South Dublin 03/185";1276;154;107;9;1546
"South Dublin 03/186";751;49;67;12;879
"South Dublin 03/187";812;29;17;5;863
"South Dublin 03/188";1003;60;62;17;1142
"South Dublin 03/190";909;158;59;16;1142
"South Dublin 03/191";769;206;55;51;1081
"South Dublin 03/192";1143;275;89;47;1554
"South Dublin 03/193";910;192;68;18;1188
"South Dublin 03/194";746;155;68;8;977
"South Dublin 03/195";869;168;87;28;1152
"South Dublin 03/196";873;202;74;49;1198
"South Dublin 03/197";859;309;63;21;1252
"South Dublin 03/198";907;305;45;18;1275
"South Dublin 03/199";1149;41;18;23;1231
"South Dublin 03/200";964;60;57;25;1106
"South Dublin 03/201";861;95;17;55;1028
"South Dublin 03/202";676;128;48;54;906
"South Dublin 03/203";898;134;48;19;1099
"South Dublin 03/204";1070;93;56;9;1228
"South Dublin 03/205";1030;112;92;13;1247
"South Dublin 03/206";934;357;60;38;1389
"South Dublin 03/207";1321;211;62;20;1614
"South Dublin 03/209";851;495;88;33;1467
"South Dublin 03/210";448;116;88;11;663
"South Dublin 03/211";844;257;108;34;1243
"South Dublin 03/212";930;75;36;12;1053
"South Dublin 03/213";698;117;34;50;899
"South Dublin 03/214";682;206;24;6;918
"South Dublin 03/216";227;97;6;18;348
"South Dublin 03/218";1030;182;61;13;1286
"South Dublin 03/221";623;152;25;48;848
"South Dublin 03/222";662;87;41;3;793
"South Dublin 03/223";1012;281;74;27;1394
"South Dublin 03/224";814;188;71;20;1093
"South Dublin 03/225";506;59;20;13;598
"South Dublin 03/227";517;91;33;4;645
"South Dublin 03/228";701;98;44;46;889
"Fingal 04 ";86844;14795;6302;2735;110676
"Fingal 04/069";722;25;39;16;802
"Fingal 04/070";814;54;36;17;921
"Fingal 04/072";933;32;51;11;1027
"Fingal 04/073";838;35;44;17;934
"Fingal 04/074";805;35;48;11;899
"Fingal 04/075";928;48;57;14;1047
"Fingal 04/076";957;40;58;16;1071
"Fingal 04/077";884;68;88;9;1049
"Fingal 04/078";752;53;75;18;898
"Fingal 04/079";820;83;54;8;965
"Fingal 04/080";886;63;70;3;1022
"Fingal 04/081";697;96;94;22;909
"Fingal 04/082";794;127;69;8;998
"Fingal 04/083";740;112;84;9;945
"Fingal 04/084";796;80;73;13;962
"Fingal 04/085";898;41;74;18;1031
"Fingal 04/086";947;135;74;19;1175
"Fingal 04/087";836;108;95;42;1081
"Fingal 04/088";996;67;62;7;1132
"Fingal 04/089";841;126;36;136;1139
"Fingal 04/090";616;217;46;38;917
"Fingal 04/091";916;77;41;34;1068
"Fingal 04/092";1284;109;33;37;1463
"Fingal 04/093";1050;41;25;20;1136
"Fingal 04/095";790;72;56;10;928
"Fingal 04/096";806;54;36;7;903
"Fingal 04/097";749;178;89;65;1081
"Fingal 04/098";976;119;27;9;1131
"Fingal 04/099";1176;189;45;40;1450
"Fingal 04/100";1097;92;29;32;1250
"Fingal 04/101";850;80;30;15;975
"Fingal 04/102";800;93;69;14;976
"Fingal 04/103";1010;57;33;7;1107
"Fingal 04/104";1030;58;54;7;1149
"Fingal 04/105";1036;147;43;29;1255
"Fingal 04/106";993;149;67;46;1255
"Fingal 04/107";1093;122;46;19;1280
"Fingal 04/108";888;119;44;46;1097
"Fingal 04/109";1061;107;38;10;1216
"Fingal 04/110";1111;156;63;21;1351
"Fingal 04/113";899;123;51;49;1122
"Fingal 04/114";1071;117;42;6;1236
"Fingal 04/115";915;143;42;31;1131
"Fingal 04/116";1021;100;56;29;1206
"Fingal 04/118";1191;188;118;50;1547
"Fingal 04/119";928;111;78;25;1142
"Fingal 04/120";858;169;46;17;1090
"Fingal 04/121";984;228;78;15;1305
"Fingal 04/122";1066;162;75;22;1325
"Fingal 04/123";950;123;48;8;1129
"Fingal 04/124";1014;151;76;13;1254
"Fingal 04/125";675;102;63;16;856
"Fingal 04/126";1022;86;77;17;1202
"Fingal 04/127";848;33;25;15;921
"Fingal 04/128";1072;62;65;40;1239
"Fingal 04/129";1195;50;19;4;1268
"Fingal 04/130";915;72;34;4;1025
"Fingal 04/148";848;75;50;14;987
"Fingal 04/149";639;110;104;19;872
"Fingal 04/150";683;286;111;19;1099
"Fingal 04/151";894;201;89;35;1219
"Fingal 04/152";279;227;85;23;614
"Fingal 04/153";698;115;46;19;878
"Fingal 04/154";837;79;81;17;1014
"Fingal 04/155";1010;125;30;9;1174
"Fingal 04/156";656;253;81;12;1002
"Fingal 04/158";1247;115;46;34;1442
"Fingal 04/159";969;180;128;10;1287
"Fingal 04/160";1015;140;67;0;1222
"Fingal 04/161";828;239;81;30;1178
"Fingal 04/162";794;331;52;3;1180
"Fingal 04/163";838;198;56;75;1167
"Fingal 04/164";1075;286;51;9;1421
"Fingal 04/165";885;210;38;26;1159
"Fingal 04/166";675;199;29;132;1035
"Fingal 04/167";924;235;78;4;1241
"Fingal 04/168";916;198;84;25;1223
"Fingal 04/169";968;39;38;4;1049
"Fingal 04/172";608;268;45;17;938
"Fingal 04/174";880;299;94;28;1301
"Fingal 04/176";540;226;50;53;869
"Fingal 04/204";505;170;61;17;753
"Fingal 04/205";1194;500;154;84;1932
"Fingal 04/206";496;341;79;62;978
"Fingal 04/207";1025;158;30;122;1335
"Fingal 04/208";684;221;73;15;993
"Fingal 04/209";550;100;63;8;721
"Fingal 04/210";805;290;67;45;1207
"Fingal 04/211";506;188;88;11;793
"Fingal 04/213";651;298;78;25;1052
"Fingal 04/214";757;212;59;21;1049
"Fingal 04/215";561;197;56;34;848
"Fingal 04/216";660;263;50;70;1043
"Fingal 04/217";774;195;65;41;1075
"Fingal 04/218";990;461;152;64;1667
"Fingal 04/219";768;404;77;167;1416
"Fingal 04/220";1036;81;81;14;1212
"Fingal 04/221";169;24;14;1;208
"Fingal 04/223";853;185;100;17;1155
"Fingal 04/224";403;76;59;3;541
"Fingal 04/225";911;113;94;16;1134
"Dœn Laoghaire-Rathdown 05 ";148283;20254;13317;2183;184037
"Dœn Laoghaire-Rathdown 05/001";748;65;75;5;893
"Dœn Laoghaire-Rathdown 05/002";549;72;84;2;707
"Dœn Laoghaire-Rathdown 05/003";880;116;92;24;1112
"Dœn Laoghaire-Rathdown 05/004";502;78;43;4;627
"Dœn Laoghaire-Rathdown 05/005";753;135;64;6;958
"Dœn Laoghaire-Rathdown 05/006";878;93;64;10;1045
"Dœn Laoghaire-Rathdown 05/007";732;93;122;4;951
"Dœn Laoghaire-Rathdown 05/008";905;110;54;10;1079
"Dœn Laoghaire-Rathdown 05/009";510;106;72;9;697
"Dœn Laoghaire-Rathdown 05/010";666;53;101;34;854
"Dœn Laoghaire-Rathdown 05/011";613;97;76;12;798
"Dœn Laoghaire-Rathdown 05/012";887;62;63;11;1023
"Dœn Laoghaire-Rathdown 05/013";535;81;76;11;703
"Dœn Laoghaire-Rathdown 05/014";450;70;97;12;629
"Dœn Laoghaire-Rathdown 05/015";577;108;67;21;773
"Dœn Laoghaire-Rathdown 05/016";471;82;78;2;633
"Dœn Laoghaire-Rathdown 05/017";686;123;95;11;915
"Dœn Laoghaire-Rathdown 05/018";795;78;63;14;950
"Dœn Laoghaire-Rathdown 05/019";518;176;124;12;830
"Dœn Laoghaire-Rathdown 05/020";630;132;101;15;878
"Dœn Laoghaire-Rathdown 05/021";448;58;47;5;558
"Dœn Laoghaire-Rathdown 05/022";677;90;122;14;903
"Dœn Laoghaire-Rathdown 05/023";590;88;80;8;766
"Dœn Laoghaire-Rathdown 05/024";695;102;123;46;966
"Dœn Laoghaire-Rathdown 05/025";345;79;93;28;545
"Dœn Laoghaire-Rathdown 05/026";558;83;101;17;759
"Dœn Laoghaire-Rathdown 05/027";361;69;100;21;551
"Dœn Laoghaire-Rathdown 05/028";741;66;55;23;885
"Dœn Laoghaire-Rathdown 05/029";637;37;39;10;723
"Dœn Laoghaire-Rathdown 05/030";696;43;57;7;803
"Dœn Laoghaire-Rathdown 05/031";830;60;62;11;963
"Dœn Laoghaire-Rathdown 05/032";813;70;62;9;954
"Dœn Laoghaire-Rathdown 05/033";930;34;48;16;1028
"Dœn Laoghaire-Rathdown 05/034";548;152;100;28;828
"Dœn Laoghaire-Rathdown 05/035";801;32;31;9;873
"Dœn Laoghaire-Rathdown 05/036";828;85;83;7;1003
"Dœn Laoghaire-Rathdown 05/037";793;163;71;14;1041
"Dœn Laoghaire-Rathdown 05/038";626;188;85;10;909
"Dœn Laoghaire-Rathdown 05/039";526;76;55;12;669
"Dœn Laoghaire-Rathdown 05/040";429;92;103;7;631
"Dœn Laoghaire-Rathdown 05/041";477;105;48;21;651
"Dœn Laoghaire-Rathdown 05/042";629;141;119;12;901
"Dœn Laoghaire-Rathdown 05/043";557;78;55;10;700
"Dœn Laoghaire-Rathdown 05/044";730;130;113;8;981
"Dœn Laoghaire-Rathdown 05/045";629;215;73;9;926
"Dœn Laoghaire-Rathdown 05/046";673;106;90;7;876
"Dœn Laoghaire-Rathdown 05/047";664;85;65;4;818
"Dœn Laoghaire-Rathdown 05/048";563;90;55;7;715
"Dœn Laoghaire-Rathdown 05/049, 05/051";1065;277;180;9;1531
"Dœn Laoghaire-Rathdown 05/050";567;79;69;3;718
"Dœn Laoghaire-Rathdown 05/052";792;121;75;3;991
"Dœn Laoghaire-Rathdown 05/053";715;142;77;4;938
"Dœn Laoghaire-Rathdown 05/054";851;170;91;6;1118
"Dœn Laoghaire-Rathdown 05/055";764;156;90;14;1024
"Dœn Laoghaire-Rathdown 05/056";809;116;61;17;1003
"Dœn Laoghaire-Rathdown 05/057";542;112;80;11;745
"Dœn Laoghaire-Rathdown 05/058";817;99;62;16;994
"Dœn Laoghaire-Rathdown 05/059";913;26;15;17;971
"Dœn Laoghaire-Rathdown 05/060";1176;56;46;25;1303
"Dœn Laoghaire-Rathdown 05/061";1169;61;59;18;1307
"Dœn Laoghaire-Rathdown 05/062";882;127;103;11;1123
"Dœn Laoghaire-Rathdown 05/063";1032;125;54;21;1232
"Dœn Laoghaire-Rathdown 05/064";946;50;36;23;1055
"Dœn Laoghaire-Rathdown 05/065";829;149;77;13;1068
"Dœn Laoghaire-Rathdown 05/066";974;157;85;4;1220
"Dœn Laoghaire-Rathdown 05/067";870;88;71;12;1041
"Dœn Laoghaire-Rathdown 05/069";960;193;173;20;1346
"Dœn Laoghaire-Rathdown 05/070";916;71;53;11;1051
"Dœn Laoghaire-Rathdown 05/071";885;146;71;7;1109
"Dœn Laoghaire-Rathdown 05/072";964;93;54;7;1118
"Dœn Laoghaire-Rathdown 05/073";413;81;31;6;531
"Dœn Laoghaire-Rathdown 05/074";942;35;35;10;1022
"Dœn Laoghaire-Rathdown 05/075";1031;35;29;15;1110
"Dœn Laoghaire-Rathdown 05/076";922;71;62;5;1060
"Dœn Laoghaire-Rathdown 05/077";841;122;50;7;1020
"Dœn Laoghaire-Rathdown 05/078";937;108;46;1;1092
"Dœn Laoghaire-Rathdown 05/079";679;74;38;9;800
"Dœn Laoghaire-Rathdown 05/080";856;44;36;7;943
"Dœn Laoghaire-Rathdown 05/081";837;105;69;6;1017
"Dœn Laoghaire-Rathdown 05/082";809;96;42;21;968
"Dœn Laoghaire-Rathdown 05/083";887;92;67;103;1149
"Dœn Laoghaire-Rathdown 05/084";743;126;45;8;922
"Dœn Laoghaire-Rathdown 05/085";1037;120;57;3;1217
"Dœn Laoghaire-Rathdown 05/086";758;71;69;8;906
"Dœn Laoghaire-Rathdown 05/087";730;82;79;7;898
"Dœn Laoghaire-Rathdown 05/088";911;108;62;6;1087
"Dœn Laoghaire-Rathdown 05/089";880;92;52;5;1029
"Dœn Laoghaire-Rathdown 05/090";922;112;85;4;1123
"Dœn Laoghaire-Rathdown 05/091";791;112;88;7;998
"Dœn Laoghaire-Rathdown 05/092";745;130;98;9;982
"Dœn Laoghaire-Rathdown 05/093";801;120;88;18;1027
"Dœn Laoghaire-Rathdown 05/094";1116;119;90;11;1336
"Dœn Laoghaire-Rathdown 05/095";934;136;114;26;1210
"Dœn Laoghaire-Rathdown 05/096";581;53;71;7;712
"Dœn Laoghaire-Rathdown 05/097";854;89;82;17;1042
"Dœn Laoghaire-Rathdown 05/098";860;99;67;6;1032
"Dœn Laoghaire-Rathdown 05/099";774;54;72;4;904
"Dœn Laoghaire-Rathdown 05/100";826;69;81;11;987
"Dœn Laoghaire-Rathdown 05/101";697;117;72;4;890
"Dœn Laoghaire-Rathdown 05/102";766;61;50;5;882
"Dœn Laoghaire-Rathdown 05/103";851;45;52;1;949
"Dœn Laoghaire-Rathdown 05/104";764;52;51;6;873
"Dœn Laoghaire-Rathdown 05/105";805;72;47;4;928
"Dœn Laoghaire-Rathdown 05/106";757;84;56;7;904
"Dœn Laoghaire-Rathdown 05/107";842;84;47;7;980
"Dœn Laoghaire-Rathdown 05/108";713;92;69;9;883
"Dœn Laoghaire-Rathdown 05/109";704;124;67;7;902
"Dœn Laoghaire-Rathdown 05/110";627;88;63;8;786
"Dœn Laoghaire-Rathdown 05/111";803;83;63;3;952
"Dœn Laoghaire-Rathdown 05/112";957;92;61;5;1115
"Dœn Laoghaire-Rathdown 05/113";982;102;67;6;1157
"Dœn Laoghaire-Rathdown 05/114";974;95;73;6;1148
"Dœn Laoghaire-Rathdown 05/115";897;159;85;10;1151
"Dœn Laoghaire-Rathdown 05/116";957;158;34;7;1156
"Dœn Laoghaire-Rathdown 05/117";977;142;59;14;1192
"Dœn Laoghaire-Rathdown 05/118";1589;175;104;28;1896
"Dœn Laoghaire-Rathdown 05/119";926;125;82;17;1150
"Dœn Laoghaire-Rathdown 05/121";929;156;73;23;1181
"Dœn Laoghaire-Rathdown 05/122";1098;168;55;15;1336
"Dœn Laoghaire-Rathdown 05/123";833;113;92;6;1044
"Dœn Laoghaire-Rathdown 05/126";772;145;57;7;981
"Dœn Laoghaire-Rathdown 05/127";995;113;68;7;1183
"Dœn Laoghaire-Rathdown 05/128";764;100;53;6;923
"Dœn Laoghaire-Rathdown 05/129";774;97;48;6;925
"Dœn Laoghaire-Rathdown 05/130";592;134;84;4;814
"Dœn Laoghaire-Rathdown 05/131";829;139;72;4;1044
"Dœn Laoghaire-Rathdown 05/132";848;302;70;7;1227
"Dœn Laoghaire-Rathdown 05/133";655;101;47;5;808
"Dœn Laoghaire-Rathdown 05/134";729;122;53;7;911
"Dœn Laoghaire-Rathdown 05/135";760;128;70;6;964
"Dœn Laoghaire-Rathdown 05/136";784;128;48;12;972
"Dœn Laoghaire-Rathdown 05/137";891;131;55;5;1082
"Dœn Laoghaire-Rathdown 05/138";794;73;53;8;928
"Dœn Laoghaire-Rathdown 05/139";833;70;51;8;962
"Dœn Laoghaire-Rathdown 05/140";813;78;58;11;960
"Dœn Laoghaire-Rathdown 05/141";847;58;52;6;963
"Dœn Laoghaire-Rathdown 05/142";781;48;54;4;887
"Dœn Laoghaire-Rathdown 05/143";772;84;39;8;903
"Dœn Laoghaire-Rathdown 05/144";693;177;74;8;952
"Dœn Laoghaire-Rathdown 05/145";778;72;63;18;931
"Dœn Laoghaire-Rathdown 05/146";785;123;47;4;959
"Dœn Laoghaire-Rathdown 05/147";803;84;63;18;968
"Dœn Laoghaire-Rathdown 05/148";850;40;58;12;960
"Dœn Laoghaire-Rathdown 05/149";603;24;45;4;676
"Dœn Laoghaire-Rathdown 05/150";807;136;59;10;1012
"Dœn Laoghaire-Rathdown 05/151";738;76;51;7;872
"Dœn Laoghaire-Rathdown 05/152";972;92;38;10;1112
"Dœn Laoghaire-Rathdown 05/153";704;128;64;21;917
"Dœn Laoghaire-Rathdown 05/154";820;133;53;3;1009
"Dœn Laoghaire-Rathdown 05/155";675;151;88;66;980
"Dœn Laoghaire-Rathdown 05/156";715;94;78;4;891
"Dœn Laoghaire-Rathdown 05/157";695;68;69;11;843
"Dœn Laoghaire-Rathdown 05/158";516;49;71;4;640
"Dœn Laoghaire-Rathdown 05/159";596;155;97;13;861
"Dœn Laoghaire-Rathdown 05/160";789;66;71;16;942
"Dœn Laoghaire-Rathdown 05/161";677;87;64;7;835
"Dœn Laoghaire-Rathdown 05/162";754;87;67;11;919
"Dœn Laoghaire-Rathdown 05/163";872;127;94;12;1105
"Dœn Laoghaire-Rathdown 05/164";636;126;71;15;848
"Dœn Laoghaire-Rathdown 05/165";577;95;56;8;736
"Dœn Laoghaire-Rathdown 05/166";744;161;93;8;1006
"Dœn Laoghaire-Rathdown 05/167";716;130;58;5;909
"Dœn Laoghaire-Rathdown 05/168";769;183;65;4;1021
"Dœn Laoghaire-Rathdown 05/169";761;84;36;3;884
"Dœn Laoghaire-Rathdown 05/170";645;53;39;17;754
"Dœn Laoghaire-Rathdown 05/173";896;104;51;3;1054
"Dœn Laoghaire-Rathdown 05/174";891;121;82;6;1100
"Dœn Laoghaire-Rathdown 05/175";588;171;89;5;853
"Dœn Laoghaire-Rathdown 05/176";787;116;44;1;948
"Dœn Laoghaire-Rathdown 05/177, 05/178";1616;231;190;16;2053
"Dœn Laoghaire-Rathdown 05/179";759;104;70;9;942
"Dœn Laoghaire-Rathdown 05/180";593;121;89;63;866
"Dœn Laoghaire-Rathdown 05/181";251;30;20;1;302
"Dœn Laoghaire-Rathdown 05/182";526;95;59;8;688
"Dœn Laoghaire-Rathdown 05/184";813;169;90;3;1075
"Dœn Laoghaire-Rathdown 05/185";949;114;82;13;1158
"Dœn Laoghaire-Rathdown 05/186";849;86;57;12;1004
"Dœn Laoghaire-Rathdown 05/187";796;63;39;12;910
"Dœn Laoghaire-Rathdown 05/188";805;122;83;12;1022
"Dœn Laoghaire-Rathdown 05/189";954;163;48;6;1171
"Dœn Laoghaire-Rathdown 05/190";905;130;84;10;1129
"Dœn Laoghaire-Rathdown 05/191";1025;179;50;14;1268
"Dœn Laoghaire-Rathdown 05/192";733;84;63;2;882
"Dœn Laoghaire-Rathdown 05/193";526;98;40;1;665
"Dœn Laoghaire-Rathdown 05/194";751;112;52;5;920
"Dœn Laoghaire-Rathdown 05/196";342;52;39;4;437
"Dœn Laoghaire-Rathdown 05/197";378;116;78;5;577
"Dœn Laoghaire-Rathdown 05/198";825;111;89;14;1039
"Dœn Laoghaire-Rathdown 05/200";349;61;39;5;454
"Dœn Laoghaire-Rathdown 05/201";573;119;56;9;757
"Dœn Laoghaire-Rathdown 05/202";473;97;70;9;649
"Dœn Laoghaire-Rathdown 05/203";559;115;42;4;720
"Dœn Laoghaire-Rathdown 05/204";835;112;56;27;1030
"Dœn Laoghaire-Rathdown 05/205";631;103;47;38;819
"Cork City and Suburbs  ";161664;10277;9389;3729;185059
"Cork City 17 ";103533;6125;6880;2880;119418
"Cork City 17/001";722;18;38;3;781
"Cork City 17/002";722;28;22;3;775
"Cork City 17/003";720;53;24;1;798
"Cork City 17/004";617;108;50;10;785
"Cork City 17/005";817;58;46;5;926
"Cork City 17/006, 17/008";1620;63;28;85;1796
"Cork City 17/009";968;14;15;25;1022
"Cork City 17/010";801;16;20;6;843
"Cork City 17/011";822;21;11;7;861
"Cork City 17/012";842;8;20;11;881
"Cork City 17/013";1002;71;78;39;1190
"Cork City 17/014";743;67;55;8;873
"Cork City 17/015, 17/124";1673;134;69;9;1885
"Cork City 17/016";905;62;43;19;1029
"Cork City 17/017";736;40;39;4;819
"Cork City 17/018";771;24;43;3;841
"Cork City 17/019";702;32;21;8;763
"Cork City 17/020";868;59;55;6;988
"Cork City 17/021";786;59;58;11;914
"Cork City 17/022";1028;58;39;3;1128
"Cork City 17/023";891;44;36;13;984
"Cork City 17/024";1107;78;59;38;1282
"Cork City 17/025";887;65;23;13;988
"Cork City 17/026";987;69;43;24;1123
"Cork City 17/027";980;67;18;20;1085
"Cork City 17/028";664;38;67;18;787
"Cork City 17/029";682;38;49;11;780
"Cork City 17/030";1085;43;55;8;1191
"Cork City 17/031";1016;106;65;18;1205
"Cork City 17/032";884;47;60;10;1001
"Cork City 17/033";858;19;36;3;916
"Cork City 17/034";679;45;77;15;816
"Cork City 17/035";515;54;87;26;682
"Cork City 17/036";675;37;72;12;796
"Cork City 17/037";940;68;116;30;1154
"Cork City 17/038";576;26;70;12;684
"Cork City 17/039";611;17;25;11;664
"Cork City 17/040";500;48;73;13;634
"Cork City 17/041";545;51;102;17;715
"Cork City 17/042";615;20;22;2;659
"Cork City 17/043";668;8;16;8;700
"Cork City 17/044";1048;15;23;4;1090
"Cork City 17/045";769;20;28;9;826
"Cork City 17/046";751;14;31;2;798
"Cork City 17/047";906;17;50;11;984
"Cork City 17/048";836;21;66;8;931
"Cork City 17/049";668;42;68;13;791
"Cork City 17/050";677;9;21;7;714
"Cork City 17/051";612;12;37;10;671
"Cork City 17/052";605;65;59;12;741
"Cork City 17/053";584;38;56;9;687
"Cork City 17/054";602;39;57;64;762
"Cork City 17/055";420;32;30;32;514
"Cork City 17/056,17/007";1343;86;104;10;1543
"Cork City 17/057";933;44;48;240;1265
"Cork City 17/058";1001;21;46;9;1077
"Cork City 17/059";724;44;25;2;795
"Cork City 17/060";885;17;30;8;940
"Cork City 17/061";981;20;29;9;1039
"Cork City 17/062";812;42;75;14;943
"Cork City 17/063";1087;45;21;20;1173
"Cork City 17/064";675;31;56;7;769
"Cork City 17/065";408;63;100;4;575
"Cork City 17/066";892;90;115;44;1141
"Cork City 17/067";477;64;109;41;691
"Cork City 17/068";473;68;98;6;645
"Cork City 17/069";596;236;233;127;1192
"Cork City 17/070";533;116;135;23;807
"Cork City 17/071";525;110;162;85;882
"Cork City 17/072";357;77;73;31;538
"Cork City 17/073";627;53;105;40;825
"Cork City 17/074";659;63;64;22;808
"Cork City 17/075";926;14;15;13;968
"Cork City 17/076";1206;32;14;3;1255
"Cork City 17/077";1064;24;1;1;1090
"Cork City 17/078";1024;20;5;6;1055
"Cork City 17/079";1109;17;11;20;1157
"Cork City 17/080";772;13;8;28;821
"Cork City 17/081";950;19;5;6;980
"Cork City 17/082";894;8;22;21;945
"Cork City 17/083";756;12;12;7;787
"Cork City 17/084";644;36;21;9;710
"Cork City 17/085";721;29;23;14;787
"Cork City 17/086";786;5;15;12;818
"Cork City 17/087";802;7;20;24;853
"Cork City 17/088";769;18;18;28;833
"Cork City 17/089";672;12;8;17;709
"Cork City 17/090";878;12;5;26;921
"Cork City 17/091";730;24;30;15;799
"Cork City 17/092";626;55;31;6;718
"Cork City 17/093";779;60;120;4;963
"Cork City 17/094";412;31;46;86;575
"Cork City 17/095";689;68;52;26;835
"Cork City 17/096";502;68;135;73;778
"Cork City 17/097";431;91;127;75;724
"Cork City 17/098";552;91;104;56;803
"Cork City 17/099";609;67;134;26;836
"Cork City 17/100";302;114;77;8;501
"Cork City 17/101";433;44;83;11;571
"Cork City 17/102";605;35;67;5;712
"Cork City 17/103";593;44;74;4;715
"Cork City 17/104";460;81;118;23;682
"Cork City 17/105";1433;52;53;9;1547
"Cork City 17/106";1020;27;21;9;1077
"Cork City 17/107";921;31;45;62;1059
"Cork City 17/108";904;27;38;7;976
"Cork City 17/109";857;26;28;12;923
"Cork City 17/110";652;35;26;17;730
"Cork City 17/111";1084;49;30;35;1198
"Cork City 17/112";896;22;36;21;975
"Cork City 17/113";795;60;44;120;1019
"Cork City 17/114";889;51;22;51;1013
"Cork City 17/115";1117;26;24;11;1178
"Cork City 17/116";1115;38;20;42;1215
"Cork City 17/117";992;6;18;11;1027
"Cork City 17/118";714;50;67;0;831
"Cork City 17/119";682;76;27;46;831
"Cork City 17/120";795;6;6;14;821
"Cork City 17/121";981;11;12;17;1021
"Cork City 17/122";1018;27;17;16;1078
"Cork City 17/123";621;61;32;4;718
"Cork City 17/125";892;48;39;2;981
"Cork City 17/126";694;13;30;6;743
"Cork City 17/127";1098;86;83;6;1273
"Cork City 17/128";513;60;145;28;746
"Cork City 17/129";630;53;48;49;780
"Cork City 17/130";975;23;22;11;1031
"Cork City 17/131";563;76;37;5;681
"Cork City 17/132";500;83;78;9;670
"Cork City 17/133";615;45;49;20;729
"Cork City 17/134";620;108;157;63;948
"Cork City 17/135";555;103;126;13;797
"Cork Suburbs 18 ";58131;4152;2509;849;65641
"Cork Suburbs 18/184";914;30;36;5;985
"Cork Suburbs 18/185";852;52;56;8;968
"Cork Suburbs 18/186";1027;60;28;10;1125
"Cork Suburbs 18/187";1012;37;30;13;1092
"Cork Suburbs 18/188";947;79;49;7;1082
"Cork Suburbs 18/189";1011;59;38;9;1117
"Cork Suburbs 18/190";1107;79;33;32;1251
"Cork Suburbs 18/191";1148;124;59;18;1349
"Cork Suburbs 18/192";791;64;44;9;908
"Cork Suburbs 18/193";1044;59;28;6;1137
"Cork Suburbs 18/194";1090;44;25;15;1174
"Cork Suburbs 18/196";803;112;50;6;971
"Cork Suburbs 18/197";1046;64;44;9;1163
"Cork Suburbs 18/198";1009;40;60;2;1111
"Cork Suburbs 18/199";692;73;55;20;840
"Cork Suburbs 18/200";635;78;67;7;787
"Cork Suburbs 18/201";1080;53;42;9;1184
"Cork Suburbs 18/202";963;77;45;19;1104
"Cork Suburbs 18/203";1206;91;41;21;1359
"Cork Suburbs 18/204";951;110;77;21;1159
"Cork Suburbs 18/205";1039;60;64;11;1174
"Cork Suburbs 18/206";924;32;35;4;995
"Cork Suburbs 18/207";909;68;47;21;1045
"Cork Suburbs 18/208";652;128;60;22;862
"Cork Suburbs 18/210";940;27;33;6;1006
"Cork Suburbs 18/211";942;73;42;9;1066
"Cork Suburbs 18/212";1037;61;38;3;1139
"Cork Suburbs 18/213";915;107;43;10;1075
"Cork Suburbs 18/214";977;98;42;11;1128
"Cork Suburbs 18/215";969;245;60;63;1337
"Cork Suburbs 18/220";1033;130;60;47;1270
"Cork Suburbs 18/222";1099;33;37;7;1176
"Cork Suburbs 18/223";1214;84;42;9;1349
"Cork Suburbs 18/225";758;38;41;51;888
"Cork Suburbs 18/226";1140;26;14;19;1199
"Cork Suburbs 18/227";1189;29;20;19;1257
"Cork Suburbs 18/228";1095;21;43;11;1170
"Cork Suburbs 18/229";1065;20;17;23;1125
"Cork Suburbs 18/230";1170;38;41;13;1262
"Cork Suburbs 18/296";946;49;35;14;1044
"Cork Suburbs 18/297";983;62;40;19;1104
"Cork Suburbs 18/298";893;61;44;5;1003
"Cork Suburbs 18/299";1136;96;43;7;1282
"Cork Suburbs 18/300";930;103;36;6;1075
"Cork Suburbs 18/301";767;143;28;15;953
"Cork Suburbs 18/303";1165;46;37;16;1264
"Cork Suburbs 18/304";1081;70;38;7;1196
"Cork Suburbs 18/306";1046;50;49;15;1160
"Cork Suburbs 18/308";1250;32;22;20;1324
"Cork Suburbs 18/316";902;34;21;3;960
"Cork Suburbs 18/317";686;87;39;18;830
"Cork Suburbs 18/322";1029;59;30;16;1134
"Cork Suburbs 18/339";818;76;34;4;932
"Cork Suburbs 18/340";498;99;56;19;672
"Cork Suburbs 18/341";670;106;52;11;839
"Cork Suburbs 18/343";657;29;27;2;715
"Cork Suburbs 18/344";674;71;42;6;793
"Cork Suburbs 18/345";1023;74;52;9;1158
"Cork Suburbs 18/346";489;53;36;6;584
"Cork Suburbs 18/347";905;30;37;17;989
"Cork Suburbs 18/348";1188;19;25;9;1241
"Limerick City and Suburbs  ";77097;5100;3762;1152;87111
"Limerick City 20 ";47069;2613;2168;689;52539
"Limerick City 20/001";974;62;57;7;1100
"Limerick City 20/002";766;27;47;11;851
"Limerick City 20/003";936;15;34;2;987
"Limerick City 20/004";774;58;90;12;934
"Limerick City 20/005";553;116;77;33;779
"Limerick City 20/006";1008;54;23;16;1101
"Limerick City 20/007";707;19;24;10;760
"Limerick City 20/008";870;22;27;16;935
"Limerick City 20/009";926;25;24;2;977
"Limerick City 20/010";749;15;20;2;786
"Limerick City 20/011";776;16;14;5;811
"Limerick City 20/013, 20/012";1596;141;100;56;1893
"Limerick City 20/014";726;92;44;4;866
"Limerick City 20/015";691;5;14;9;719
"Limerick City 20/016";892;16;8;1;917
"Limerick City 20/017";542;14;4;7;567
"Limerick City 20/018";730;21;22;14;787
"Limerick City 20/019";564;5;11;12;592
"Limerick City 20/020";922;8;9;19;958
"Limerick City 20/021";711;14;12;7;744
"Limerick City 20/022";751;3;16;5;775
"Limerick City 20/023";827;6;5;24;862
"Limerick City 20/024";499;24;26;6;555
"Limerick City 20/025";644;96;88;17;845
"Limerick City 20/026";727;55;63;9;854
"Limerick City 20/027";839;22;3;39;903
"Limerick City 20/028";799;31;14;23;867
"Limerick City 20/029";744;37;52;8;841
"Limerick City 20/030";856;24;24;11;915
"Limerick City 20/031";984;93;70;7;1154
"Limerick City 20/032";365;86;52;34;537
"Limerick City 20/033";302;65;68;5;440
"Limerick City 20/034";861;48;64;0;973
"Limerick City 20/035";954;105;73;3;1135
"Limerick City 20/036, 20/037";1719;66;60;12;1857
"Limerick City 20/038";939;30;19;1;989
"Limerick City 20/039";1049;28;30;4;1111
"Limerick City 20/040";772;44;70;22;908
"Limerick City 20/041, 20/042";1465;37;57;12;1571
"Limerick City 20/043";847;36;8;4;895
"Limerick City 20/044";817;8;9;12;846
"Limerick City 20/045";870;18;19;7;914
"Limerick City 20/046";854;25;11;2;892
"Limerick City 20/047";786;16;11;3;816
"Limerick City 20/048";951;8;2;7;968
"Limerick City 20/049";844;26;13;19;902
"Limerick City 20/050";713;42;59;18;832
"Limerick City 20/051";683;50;73;13;819
"Limerick City 20/052";955;77;38;14;1084
"Limerick City 20/053";1089;44;24;6;1163
"Limerick City 20/054";1222;30;35;6;1293
"Limerick City 20/055";866;36;49;6;957
"Limerick City 20/056";471;138;64;26;699
"Limerick City 20/057";774;41;22;25;862
"Limerick City 20/058";669;258;117;13;1057
"Limerick City 20/059";810;29;35;7;881
"Limerick City 20/060";339;86;64;14;503
"Limerick Suburbs 21 ";30028;2487;1594;463;34572
"Limerick Suburbs 21/080";875;13;16;32;936
"Limerick Suburbs 21/081";962;19;25;35;1041
"Limerick Suburbs 21/082";976;29;34;10;1049
"Limerick Suburbs 21/083";810;46;38;10;904
"Limerick Suburbs 21/084";741;44;31;6;822
"Limerick Suburbs 21/086";753;67;29;11;860
"Limerick Suburbs 21/087";1083;77;41;55;1256
"Limerick Suburbs 21/088";951;75;41;10;1077
"Limerick Suburbs 21/089";1063;81;34;4;1182
"Limerick Suburbs 21/090";1016;58;28;5;1107
"Limerick Suburbs 21/091";866;96;36;5;1003
"Limerick Suburbs 21/092";688;148;52;12;900
"Limerick Suburbs 21/093";825;61;35;12;933
"Limerick Suburbs 21/097";1171;49;51;7;1278
"Limerick Suburbs 21/098";1153;56;41;9;1259
"Limerick Suburbs 21/099";863;48;56;3;970
"Limerick Suburbs 21/113";866;123;39;13;1041
"Limerick Suburbs 21/114";624;48;46;12;730
"Limerick Suburbs 21/115";1147;103;171;18;1439
"Limerick Suburbs 21/117";856;89;87;11;1043
"Limerick Suburbs 21/119";833;180;37;35;1085
"Limerick Suburbs 21/120";751;98;51;15;915
"Limerick Suburbs 21/123";654;26;15;2;697
"Limerick Suburbs 21/124";687;36;27;4;754
"Limerick Suburbs 21/125";811;76;29;5;921
"Limerick Suburbs 21/126";791;247;63;26;1127
"Limerick Suburbs 21/127";761;51;51;15;878
"Limerick Suburbs 21/128";504;42;25;10;581
"Limerick Suburbs 21/129";823;88;48;4;963
"Limerick Suburbs 21/130";501;31;20;2;554
"Limerick Suburbs 21/131";838;81;72;7;998
"Limerick Suburbs 21/132";427;45;38;13;523
"Limerick Suburbs 21/133";308;28;60;12;408
"Limerick Suburbs in Clare 16/066";519;19;16;1;555
"Limerick Suburbs in Clare 16/068";894;46;49;12;1001
"Limerick Suburbs in Clare 16/100";647;35;30;3;715
"Limerick Suburbs in Clare 16/113";990;28;32;17;1067
"Waterford City and Suburbs  ";42070;3456;1867;1281;48674
"Waterford City 24 ";39483;3262;1781;1222;45748
"Waterford City 24/001";867;29;23;47;966
"Waterford City 24/002";922;41;13;12;988
"Waterford City 24/003";895;27;19;14;955
"Waterford City 24/005";1009;54;26;15;1104
"Waterford City 24/006, 24/004";1993;182;63;153;2391
"Waterford City 24/007";631;32;26;27;716
"Waterford City 24/008";1161;112;37;13;1323
"Waterford City 24/009";1032;93;59;33;1217
"Waterford City 24/010";901;45;32;7;985
"Waterford City 24/011";902;102;33;17;1054
"Waterford City 24/012";1030;44;24;22;1120
"Waterford City 24/013";944;80;23;30;1077
"Waterford City 24/014";938;90;29;38;1095
"Waterford City 24/015";700;23;26;3;752
"Waterford City 24/016";628;70;52;24;774
"Waterford City 24/018, 24/017";1350;339;131;97;1917
"Waterford City 24/019";742;10;23;12;787
"Waterford City 24/020";974;22;24;17;1037
"Waterford City 24/021";987;16;18;7;1028
"Waterford City 24/022";998;39;32;10;1079
"Waterford City 24/023";840;22;24;9;895
"Waterford City 24/024";705;34;19;25;783
"Waterford City 24/025";313;109;38;73;533
"Waterford City 24/026";533;45;53;82;713
"Waterford City 24/027";536;36;57;23;652
"Waterford City 24/029, 24/028";1802;118;90;28;2038
"Waterford City 24/030";847;118;40;11;1016
"Waterford City 24/031";901;70;61;11;1043
"Waterford City 24/032";709;74;41;10;834
"Waterford City 24/033";801;93;54;41;989
"Waterford City 24/034";650;56;40;6;752
"Waterford City 24/035";952;98;29;35;1114
"Waterford City 24/036";740;27;16;21;804
"Waterford City 24/037";899;101;57;13;1070
"Waterford City 24/038";669;103;59;8;839
"Waterford City 24/039";845;179;68;9;1101
"Waterford City 24/040";861;20;5;24;910
"Waterford City 24/041";767;20;26;17;830
"Waterford City 24/042";760;28;28;4;820
"Waterford City 24/043";507;42;14;13;576
"Waterford City 24/044";630;46;26;58;760
"Waterford City 24/045";815;46;27;6;894
"Waterford City 24/046";638;39;38;19;734
"Waterford City 24/047";452;137;86;46;721
"Waterford City 24/048";836;103;47;12;998
"Waterford City 24/049";871;48;25;20;964
"Waterford Suburbs 07 ";2587;194;86;59;2926
"Waterford Suburbs in Kilkenny 07/048";1072;82;34;26;1214
"Waterford Suburbs in Kilkenny 07/086";724;83;26;16;849
"Waterford Suburbs in Kilkenny 07/087";791;29;26;17;863
"Galway City and Suburbs  ";59083;6152;5439;1740;72414
"Galway City 26 ";59083;6152;5439;1740;72414
"Galway City 26/001";1200;45;26;26;1297
"Galway City 26/002";1152;95;39;44;1330
"Galway City 26/003";847;57;27;22;953
"Galway City 26/004";935;81;58;19;1093
"Galway City 26/005";1148;68;58;20;1294
"Galway City 26/006";887;183;108;6;1184
"Galway City 26/007";841;79;94;8;1022
"Galway City 26/008";629;47;73;31;780
"Galway City 26/009";972;70;90;8;1140
"Galway City 26/010, 26/013";1681;160;140;58;2039
"Galway City 26/011";595;27;24;4;650
"Galway City 26/012";776;38;61;15;890
"Galway City 26/014";732;64;65;56;917
"Galway City 26/015";722;38;45;36;841
"Galway City 26/016";911;13;43;24;991
"Galway City 26/017";990;36;69;18;1113
"Galway City 26/018";835;125;242;56;1258
"Galway City 26/019";653;38;113;64;868
"Galway City 26/020";678;68;104;19;869
"Galway City 26/021";666;81;137;124;1008
"Galway City 26/022";750;55;106;17;928
"Galway City 26/023";521;26;108;21;676
"Galway City 26/024";618;19;51;5;693
"Galway City 26/025";704;36;86;21;847
"Galway City 26/026";552;51;99;36;738
"Galway City 26/027";620;56;97;19;792
"Galway City 26/028";720;40;75;13;848
"Galway City 26/029";645;59;73;12;789
"Galway City 26/030";712;38;57;19;826
"Galway City 26/031";1102;68;86;33;1289
"Galway City 26/032";786;32;17;5;840
"Galway City 26/033";780;88;47;3;918
"Galway City 26/034";810;68;62;13;953
"Galway City 26/035";808;80;78;8;974
"Galway City 26/036";783;55;59;15;912
"Galway City 26/037";759;70;67;26;922
"Galway City 26/038";701;79;125;21;926
"Galway City 26/040";980;94;68;29;1171
"Galway City 26/041, 26/039";1405;106;117;16;1644
"Galway City 26/042";530;148;125;51;854
"Galway City 26/043";876;131;95;12;1114
"Galway City 26/044";961;95;63;19;1138
"Galway City 26/045";902;94;56;7;1059
"Galway City 26/046";784;100;52;4;940
"Galway City 26/047";761;85;86;21;953
"Galway City 26/048";885;47;46;12;990
"Galway City 26/049";811;129;47;19;1006
"Galway City 26/050";1010;134;40;3;1187
"Galway City 26/051";993;227;213;61;1494
"Galway City 26/052, 26/065";904;54;89;82;1129
"Galway City 26/053";802;103;98;73;1076
"Galway City 26/054";756;56;68;3;883
"Galway City 26/055";745;170;88;14;1017
"Galway City 26/056";636;197;78;15;926
"Galway City 26/057";918;57;56;11;1042
"Galway City 26/058";681;69;62;5;817
"Galway City 26/059";744;14;38;19;815
"Galway City 26/060";731;97;44;21;893
"Galway City 26/061";1172;76;33;36;1317
"Galway City 26/062";773;106;75;17;971
"Galway City 26/063";775;80;75;11;941
"Galway City 26/064";760;62;84;7;913
"Galway City 26/066";930;51;33;45;1059
"Galway City 26/067";526;94;109;18;747
"Galway City 26/068";602;97;93;22;814
"Galway City 26/069";476;37;54;13;580
"Galway City 26/070";884;125;47;17;1073
"Galway City 26/071";656;141;82;5;884
"Galway City 26/072";782;115;44;19;960
"Galway City 26/073";591;238;48;13;890
"Galway City 26/074";685;150;42;23;900
"Galway City 26/075";601;141;42;21;805
"Galway City 26/076";834;99;40;31;1004
